subredditName,subredditId,subredditType,subredditTimeFilter,postTitle,postId,postScore,postNumOfComments,postCreated
stock,2qjjf,Top,week,Don't stocks inherently lose value as the dollar inflates?,ujy7c2,8,16,2022-05-06 21:46:56
stock,2qjjf,Top,week,Thank you Bruce,um0n1u,2,2,2022-05-09 20:35:31
stock,2qjjf,Top,week,"Don't fight the FED, bitches",ulqt9c,0,4,2022-05-09 13:05:58
stock,2qjjf,Top,week,"Invest,trade,APE",um3puk,0,2,2022-05-09 22:54:05
wallstreetbets,2th52,Top,week,Diversification is the key üöÄ,uj1hss,60774,1862,2022-05-05 16:40:31
wallstreetbets,2th52,Top,week,The 'Big Short 2' is gonna be lit,ul3ne1,45495,3998,2022-05-08 15:05:01
wallstreetbets,2th52,Top,week,US stock market insanity visualized‚Ä¶,uh74n2,44041,4549,2022-05-03 03:28:49
wallstreetbets,2th52,Top,week,Embrace the decline..,uhuw8t,41672,1097,2022-05-04 01:06:03
wallstreetbets,2th52,Top,week,This week..!,ukqmnn,37240,464,2022-05-08 00:54:58
wallstreetbets,2th52,Top,week,Everyone this morning:,ulqoe9,29552,656,2022-05-09 12:59:34
wallstreetbets,2th52,Top,week,"In and out Morty, a quick 24h adventure! üî•",ujjgfs,24734,469,2022-05-06 09:20:24
wallstreetbets,2th52,Top,week,How can fund managers contend with the disruptive new technology coming to their industry?,ukd6l7,20989,801,2022-05-07 13:21:18
wallstreetbets,2th52,Top,week,Fun fact,ujoi0g,20232,805,2022-05-06 14:18:23
wallstreetbets,2th52,Top,week,Who else thought they were going to be millionaires in a few years. And 2022 happened,uhd36n,19092,1147,2022-05-03 10:30:15
wallstreetbets,2th52,Top,week,F in the chat,uhjhzt,18154,382,2022-05-03 16:08:31
wallstreetbets,2th52,Top,week,Just inflation.,ujkeh2,18033,282,2022-05-06 10:29:38
wallstreetbets,2th52,Top,week,Just a reminder that it‚Äôs just money,ult9lo,14777,1845,2022-05-09 15:04:25
wallstreetbets,2th52,Top,week,Stock market today....,ulokty,13671,475,2022-05-09 10:56:32
wallstreetbets,2th52,Top,week,all i see is red,ujs7vh,12210,353,2022-05-06 17:09:40
wallstreetbets,2th52,Top,week,Nestle's relationship with a drug cartel exposed.,ulim9l,10390,695,2022-05-09 03:53:22
wallstreetbets,2th52,Top,week,fanboiis,uhx1v2,10283,530,2022-05-04 03:01:06
wallstreetbets,2th52,Top,week,Today,uii368,9778,246,2022-05-04 22:16:30
wallstreetbets,2th52,Top,week,The End is Nigh?,ulpbfe,9610,255,2022-05-09 11:43:43
wallstreetbets,2th52,Top,week,Dips,uhgfyr,9400,229,2022-05-03 13:44:59
wallstreetbets,2th52,Top,week,I'm pretty sure that all of us can relate.,ul0ics,8933,277,2022-05-08 12:19:12
wallstreetbets,2th52,Top,week,No one is safe,ukmu39,7960,1547,2022-05-07 21:28:00
wallstreetbets,2th52,Top,week,Calls on this guy,ujsjas,7706,299,2022-05-06 17:24:15
wallstreetbets,2th52,Top,week,USD: Look at me. I am the asset now.,uhf5h7,7603,470,2022-05-03 12:37:37
wallstreetbets,2th52,Top,week,Who‚Äôs ready for Monday ü•≤,ul95gb,6971,176,2022-05-08 19:27:16
wallstreetbets,2th52,Top,week,Bank of England announces you must tip the servant behind Wendy's,uiwl9x,6718,211,2022-05-05 12:42:46
wallstreetbets,2th52,Top,week,$100k intraday yolo on SPY puts.,uj6123,6672,627,2022-05-05 20:07:49
wallstreetbets,2th52,Top,week,2022 stock market explained in 20 seconds....,uibvqf,6298,148,2022-05-04 17:30:07
wallstreetbets,2th52,Top,week,The real reason the market is down today,ujvqcz,5802,400,2022-05-06 19:52:32
wallstreetbets,2th52,Top,week,Sweet respite from the pummelling.,uk857f,5703,110,2022-05-07 07:32:20
wallstreetbets,2th52,Top,week,RIP,ujrhgr,5427,149,2022-05-06 16:36:27
wallstreetbets,2th52,Top,week,It was there this whole time,ulcll9,4931,110,2022-05-08 22:13:55
wallstreetbets,2th52,Top,week,This is actually beating the S&P by over 30% for the year.,uiipwu,4324,170,2022-05-04 22:46:02
wallstreetbets,2th52,Top,week,The defenestration of /u/Erickl0930,uhbg8d,4260,376,2022-05-03 08:27:12
wallstreetbets,2th52,Top,week,No one should have to deal with the pain,ujb1zc,4147,69,2022-05-06 00:13:11
wallstreetbets,2th52,Top,week,We're all in this together.,ulo25y,4083,691,2022-05-09 10:21:41
wallstreetbets,2th52,Top,week,"The global economy is getting the rug pulled, is there anyone who made money today ??",uj26lu,4015,1153,2022-05-05 17:12:27
wallstreetbets,2th52,Top,week,Explain this in one word,uizhag,3717,1398,2022-05-05 15:05:23
wallstreetbets,2th52,Top,week,Happy Monday everyone! Who‚Äôs ready for some more double digit loss %‚Äôs today? üòÑ,ulshx3,3430,171,2022-05-09 14:28:28
wallstreetbets,2th52,Top,week,Bulls be like...,ulx0ef,3405,36,2022-05-09 17:52:54
wallstreetbets,2th52,Top,week,"The number of job openings jumped further into the astronomical zone, to a record 11.55 million (seasonally adjusted) at the end of March, up by 36% from a year ago. More wage inflation coming to get people to show up?",uhw43a,3279,1384,2022-05-04 02:10:12
wallstreetbets,2th52,Top,week,Don‚Äôt do it,ulz720,3349,245,2022-05-09 19:31:44
wallstreetbets,2th52,Top,week,At the next fed meeting‚Ä¶,uj25g9,2902,71,2022-05-05 17:10:57
wallstreetbets,2th52,Top,week,The casino hates me ü•≤,uhrqgg,2856,86,2022-05-03 22:25:40
wallstreetbets,2th52,Top,week,ARKK is down 62% in the last 6 months. Cathie still promising 50% return LOL,uk2v3n,2667,358,2022-05-07 01:52:22
wallstreetbets,2th52,Top,week,Market Cycles,um3wsn,2953,67,2022-05-09 23:02:58
wallstreetbets,2th52,Top,week,You better call Wendy's to see if they are hiring.,ulrruc,2658,39,2022-05-09 13:53:52
wallstreetbets,2th52,Top,week,Cast it into the fire!,ulup6b,2611,112,2022-05-09 16:09:18
wallstreetbets,2th52,Top,week,puts printing is a nice bonus though,uizpsa,2538,235,2022-05-05 15:16:33
wallstreetbets,2th52,Top,week,Twitter deal origin story,ukjg4q,2539,54,2022-05-07 18:34:57
wallstreetbets,2th52,Top,week,The DENNIS system for all you clowns who got a margin call this week,ujy6r6,2390,60,2022-05-06 21:46:13
wallstreetbets,2th52,Top,week,Rally confirmed,uidrwh,2361,391,2022-05-04 18:56:50
wallstreetbets,2th52,Top,week,It is what it is üòÇ,ulo19o,2200,96,2022-05-09 10:20:05
wallstreetbets,2th52,Top,week,"Another half point, Roger?",ukgn8p,2029,54,2022-05-07 16:15:28
wallstreetbets,2th52,Top,week,2022 is so woke ü§°,uj5n80,1996,36,2022-05-05 19:50:04
wallstreetbets,2th52,Top,week,Jerome Powell Trying to Lift the American Economy,uhwbyx,1996,156,2022-05-04 02:21:44
wallstreetbets,2th52,Top,week,"Oh god, we're going to $1,000/loaf of bread now aren't we?",uj47bm,1981,186,2022-05-05 18:43:50
wallstreetbets,2th52,Top,week,Call it bips,ujyxe0,1939,66,2022-05-06 22:21:35
wallstreetbets,2th52,Top,week,Autistic --> Retarded,ukoovr,1936,81,2022-05-07 23:03:16
wallstreetbets,2th52,Top,week,My scribble about stockmarket today ‚úçÔ∏è 5/9/22,ultb4p,1759,77,2022-05-09 15:06:12
wallstreetbets,2th52,Top,week,"After puts getting destroyed yesterday, I hopelessly said I‚Äôd need a 1000% return to break even‚Ä¶welp",uj92em,1744,79,2022-05-05 22:29:51
wallstreetbets,2th52,Top,week,Current state of us retards:,ulhgfm,1733,37,2022-05-09 02:44:27
wallstreetbets,2th52,Top,week,Bill Gates says there's a 'strong argument' we're about to see a global economic slowdown,ulqh91,1706,622,2022-05-09 12:48:49
wallstreetbets,2th52,Top,week,FINRA is considering restricting access of small retail investors to an extensive list of funds and ETFs categories. We need to do something about this.,ui61pu,1679,344,2022-05-04 13:00:42
wallstreetbets,2th52,Top,week,Time in the market > timing the market?,um1na8,1580,41,2022-05-09 21:19:46
wallstreetbets,2th52,Top,week,Me falling for the bears üêª FUD,uh9dpd,1500,86,2022-05-03 05:50:14
wallstreetbets,2th52,Top,week,Getting pretty close‚Ä¶,uj0gik,1462,88,2022-05-05 15:50:55
wallstreetbets,2th52,Top,week,Beer price in Germany increase due to inflation.. German men devastated.. puts on $BUD,ulsth9,1469,122,2022-05-09 14:43:42
wallstreetbets,2th52,Top,week,"For the millennials who‚Äôve never seen a bear market before, there‚Äôs an old simulator to help you paper trade until you get the hang of it.",ujp0o0,1447,205,2022-05-06 14:42:38
wallstreetbets,2th52,Top,week,For everyone that lost money or missed out on gains these past two days,ujbp0a,1439,223,2022-05-06 00:56:21
wallstreetbets,2th52,Top,week,"The market went back up today! We are headed back to the bull run, boys. Seriously, look at this chart. Nothing could possibly go wrong.",uh77c0,1385,380,2022-05-03 03:33:12
wallstreetbets,2th52,Top,week,May All Your Light Sabers Be Green Today.,ui2qq6,1349,60,2022-05-04 09:34:22
wallstreetbets,2th52,Top,week,So called ‚Äúdegenerate‚Äù Nick,uh7iaw,1353,205,2022-05-03 03:51:27
wallstreetbets,2th52,Top,week,My GF said i should express my feelings...so i did üé®,ujz8wk,1340,73,2022-05-06 22:37:30
wallstreetbets,2th52,Top,week,I think we should have expected this today.,uj71ec,1315,64,2022-05-05 20:54:46
wallstreetbets,2th52,Top,week,it's fedish!,uiz2uv,1305,45,2022-05-05 14:46:40
wallstreetbets,2th52,Top,week,Buying the dip,uhj5kl,1273,46,2022-05-03 15:53:08
wallstreetbets,2th52,Top,week,I‚Äôve only gone and bloody done it. A $10 YOLO in SPY has finally paid off.,uijnj1,1253,69,2022-05-04 23:32:00
wallstreetbets,2th52,Top,week,The E.R.I.C.K.l. System,uhrpqy,1230,104,2022-05-03 22:24:44
wallstreetbets,2th52,Top,week,Thanks JPOW üçª üöÄ,uieyjw,1208,125,2022-05-04 19:51:06
wallstreetbets,2th52,Top,week,"Most Anticipated Earnings Releases for the week beginning May 9th, 2022",uk51zw,1100,895,2022-05-07 04:01:13
wallstreetbets,2th52,Top,week,ü§´ü§´,um67wf,1192,91,2022-05-10 00:59:32
wallstreetbets,2th52,Top,week,See you at the bottom,uhn7lc,1067,48,2022-05-03 18:59:54
wallstreetbets,2th52,Top,week,üåàüêªs and their Puts,ujo8w6,1054,79,2022-05-06 14:06:03
wallstreetbets,2th52,Top,week,I would like to publicly shame this user,um03v7,1070,177,2022-05-09 20:11:59
wallstreetbets,2th52,Top,week,Poor Parag:,uki5m5,1048,64,2022-05-07 17:30:21
wallstreetbets,2th52,Top,week,Fed decides for a 50 bp rate hike,uicknf,1032,495,2022-05-04 18:01:45
wallstreetbets,2th52,Top,week,Short Term Memory Loss,uhj3uu,1033,119,2022-05-03 15:50:53
wallstreetbets,2th52,Top,week,Remember when,uk4ro5,1021,64,2022-05-07 03:43:13
wallstreetbets,2th52,Top,week,$QQQ weeklies,uko9h3,971,40,2022-05-07 22:40:40
wallstreetbets,2th52,Top,week,"Watched Forest Gump the other day, saw meme opportunity",ul6cwk,963,48,2022-05-08 17:14:02
wallstreetbets,2th52,Top,week,We not there yet,um31qy,976,246,2022-05-09 22:23:12
wallstreetbets,2th52,Top,week,"Prayer Thread üôè for May 9th, 2022",ulz8zz,867,622,2022-05-09 19:34:11
wallstreetbets,2th52,Top,week,"My gem has been thrown out with the bathwater, how about yours?",ul9va5,854,77,2022-05-08 20:01:58
wallstreetbets,2th52,Top,week,Tesla sells just 52 cars in Australia in April vs 1472 running monthly average for 2022,uk8kiy,831,489,2022-05-07 08:03:59
wallstreetbets,2th52,Top,week,Y‚Äôall think my wife‚Äôs boyfriend can pay for the losses if I let him fuck my wife?,ulrqvo,827,249,2022-05-09 13:52:30
wallstreetbets,2th52,Top,week,A recession means only one thing...,ujpblt,809,152,2022-05-06 14:57:01
wallstreetbets,2th52,Top,week,Time to spin the wheel of market cratering rationalization...,ujn4zy,783,28,2022-05-06 13:10:49
wallstreetbets,2th52,Top,week,Lotto week!,uhvrcz,783,51,2022-05-04 01:52:00
wallstreetbets,2th52,Top,week,"Hola, RC.",uj035l,777,146,2022-05-05 15:33:46
investing,2qhhq,Top,week,Nvidia fined $5.5 million by SEC for hiding how many gaming GPUs were sold to crypto miners,ukaei2,2435,263,2022-05-07 10:22:41
investing,2qhhq,Top,week,Ford Motor is selling 8 million of its Rivian Automotive shares. The automaker currently owns 102 million shares of Rivian. Ford will be selling the shares through Goldman Sachs,ukx5hk,1544,243,2022-05-08 08:13:01
investing,2qhhq,Top,week,The stock market is a total joke‚Ä¶,uizkxs,1531,1101,2022-05-05 15:10:13
investing,2qhhq,Top,week,The Fed is about to make history again today,ui9kwh,1506,854,2022-05-04 15:46:45
investing,2qhhq,Top,week,Every ARKK Holding Is in the Red This Year Except for Its Cash,ujq7cb,1277,362,2022-05-06 15:37:46
investing,2qhhq,Top,week,Burger King parent earnings beat estimates as revenue climbs 15%,uhj5q5,1077,353,2022-05-03 15:53:19
investing,2qhhq,Top,week,Anyone else find this downturn legitimately depressing?,ulvwmh,1056,956,2022-05-09 17:03:09
investing,2qhhq,Top,week,Can someone explain why buffet thinks Bitcoin will go to zero?,ukfxps,606,1224,2022-05-07 15:41:25
investing,2qhhq,Top,week,Is investing based on the speculation of infinite growth?,ujmcdq,562,257,2022-05-06 12:27:36
investing,2qhhq,Top,week,"In case of recession, where should one put his money?",ulownt,518,414,2022-05-09 11:17:32
investing,2qhhq,Top,week,Airbnb beats estimates with 70% revenue growth as travel rebounds,ui95o5,480,98,2022-05-04 15:27:24
investing,2qhhq,Top,week,Is Vanguard ever going to make their platform modern and good like a Fidelity or M1?,uh5r5n,418,191,2022-05-03 02:10:50
investing,2qhhq,Top,week,FINRA Proposes Limiting Access to Leveraged and Inverse ETFs,uhv6it,409,180,2022-05-04 01:21:08
investing,2qhhq,Top,week,What's the difference between ETFs and index funds?,ulicru,336,66,2022-05-09 03:37:01
investing,2qhhq,Top,week,Being young in a market dip,ui7db3,314,134,2022-05-04 14:05:36
investing,2qhhq,Top,week,Are you guys continuing to buy or holding onto your cash?,uhrknj,310,424,2022-05-03 22:18:17
investing,2qhhq,Top,week,Why you're not going to see 99% bearishness at the bottom,ujomsc,270,196,2022-05-06 14:24:44
investing,2qhhq,Top,week,How long can we keep rates increasing to battle inflation?,ulgd1s,226,273,2022-05-09 01:42:09
investing,2qhhq,Top,week,Bitcoin tumbles more than 50% below its all-time high...and now?,um4inc,299,291,2022-05-09 23:32:39
investing,2qhhq,Top,week,US dollar index hits highest level since 2002,uj16c3,119,65,2022-05-05 16:22:59
investing,2qhhq,Top,week,If the Fed is starting QT (quantitative tightening) does that mean M2 money supply will go down?,ul4wiq,116,37,2022-05-08 16:05:06
investing,2qhhq,Top,week,Buffet's view on Leverage,uhjqij,105,111,2022-05-03 16:19:23
investing,2qhhq,Top,week,This Is Now The Worst Drawdown on Record for Global Fixed Income (month old),uj2haj,100,39,2022-05-05 17:25:48
investing,2qhhq,Top,week,Stagflation ETF Launches as Fed Attempts to Tame Sky-High Prices,ujfo62,95,37,2022-05-06 04:43:35
investing,2qhhq,Top,week,Do you think Ford and Amazon will dump Rivian on 5/9 ?,ujy8k2,83,59,2022-05-06 21:48:30
investing,2qhhq,Top,week,Shopify move toward fulfillment centers isn't all that bad.,uj2rlc,78,29,2022-05-05 17:38:24
investing,2qhhq,Top,week,I‚Äôm young but have some savings I‚Äôm wanting to invest in.,ulehj3,79,73,2022-05-08 23:55:05
investing,2qhhq,Top,week,Where is a decent place to park cash these days?,uioeik,75,209,2022-05-05 03:36:26
investing,2qhhq,Top,week,At what level will we see capitulation?,ultmzk,73,179,2022-05-09 15:21:29
investing,2qhhq,Top,week,Becoming an accredited investor through Series 65 exam,uht6rg,61,61,2022-05-03 23:35:54
investing,2qhhq,Top,week,investing in stocks vs purchasing a more expensive house,uir5s6,56,81,2022-05-05 06:27:49
investing,2qhhq,Top,week,Predicting the 2023 Recession,ui7l8i,55,137,2022-05-04 14:15:54
investing,2qhhq,Top,week,Investment accumulation in a bear market !,ull5at,41,67,2022-05-09 06:44:56
investing,2qhhq,Top,week,What are the direct and indirect effects of raising rates on the stock market?,ujmw4b,41,17,2022-05-06 12:58:28
investing,2qhhq,Top,week,TreasuryDirect problem with account opening.,ui3qya,41,45,2022-05-04 10:47:08
investing,2qhhq,Top,week,What is a good annual return on investment %?,uhydfs,37,54,2022-05-04 04:18:17
investing,2qhhq,Top,week,"Musk wants to ""show off"" by taking over Twitter: revenues quadruple to $26.4 billion in six years",uk66oy,27,96,2022-05-07 05:15:06
investing,2qhhq,Top,week,What account type should I use for personal investing buying funds for retirement?,uii17x,30,7,2022-05-04 22:14:07
investing,2qhhq,Top,week,Trying to set my teenage daughter up for financial success.,uk559n,28,45,2022-05-07 04:06:55
investing,2qhhq,Top,week,The Case for Optimism: Time to be greedy when others are fearful,ulhgmr,32,18,2022-05-09 02:44:44
investing,2qhhq,Top,week,Thoughts on the narrative that the growing market share of index funds is problematic?,ukgkrq,28,33,2022-05-07 16:12:09
investing,2qhhq,Top,week,What is your view of using gold instead of bonds to reduce portfolio volatility?,ujh1g2,26,84,2022-05-06 06:17:07
investing,2qhhq,Top,week,List of Bull/Bear Markets and Corrections: what did you do then?,ujplax,24,35,2022-05-06 15:09:17
investing,2qhhq,Top,week,Thoughts on Chegg sell off?,uhixv5,23,15,2022-05-03 15:43:03
investing,2qhhq,Top,week,Recession Indicators Dashboard,ul3exa,24,9,2022-05-08 14:53:50
investing,2qhhq,Top,week,Let's talk about tail risks,uiptt1,21,22,2022-05-05 05:00:45
investing,2qhhq,Top,week,How to Re-balance a Large amount of Equities to Fixed Income during a Correction?,ul6gxm,19,79,2022-05-08 17:19:15
investing,2qhhq,Top,week,securities based like of credit using an external brokerage?,ui6723,18,15,2022-05-04 13:08:10
investing,2qhhq,Top,week,"I want to to focus on dividends until I die. Does anyone have a general ""Can't fail"" plan for me to relax in?",uke96u,22,123,2022-05-07 14:17:35
investing,2qhhq,Top,week,Why doesn't Elon buy more TWTR shares below $54.20?,uho13z,17,40,2022-05-03 19:37:51
investing,2qhhq,Top,week,Would you invest in real estate in some exotic country?,uhcfd7,19,68,2022-05-03 09:42:13
investing,2qhhq,Top,week,"Will bonds drop as rates hike, or is it already priced in?",uhsycm,17,17,2022-05-03 23:23:59
investing,2qhhq,Top,week,Can you create your own private pension or retirement pool?,ukjwl8,17,17,2022-05-07 18:58:24
investing,2qhhq,Top,week,"Daily General Discussion and Advice Thread - May 07, 2022",uk9bcq,19,66,2022-05-07 09:01:09
investing,2qhhq,Top,week,"Daily General Discussion and Advice Thread - May 05, 2022",uit99a,16,169,2022-05-05 09:01:10
investing,2qhhq,Top,week,The Aerospace and Defense industry is undervalued,ui8edx,17,15,2022-05-04 14:53:12
investing,2qhhq,Top,week,Market To Rally Or Not After Fed Speaks - May 4th,uid45f,15,33,2022-05-04 18:26:04
investing,2qhhq,Top,week,"Daily General Discussion and Advice Thread - May 04, 2022",ui2b8w,15,103,2022-05-04 09:01:22
investing,2qhhq,Top,week,"Daily General Discussion and Advice Thread - May 06, 2022",ujj7n3,15,167,2022-05-06 09:01:08
investing,2qhhq,Top,week,Quantitative Tightening: Monetary Base vs Money Supply,uii8e3,14,4,2022-05-04 22:23:16
investing,2qhhq,Top,week,Are the Financial Planners at Vanguard or Fidelity worth it?,uk1sm4,14,42,2022-05-07 00:52:55
investing,2qhhq,Top,week,I know someone who is putting 100s of thousands of dollars in buying home loan debt and I wonder what you guys think of it? [read for full story],uhy1te,14,33,2022-05-04 03:59:24
investing,2qhhq,Top,week,"Daily General Discussion and Advice Thread - May 09, 2022",ulmym8,13,207,2022-05-09 09:01:08
investing,2qhhq,Top,week,"People who invested in commodities before the crash started this year, how did you realize it was the right time? Did you also have investments in tech before the crash? Did you sell them off before investing in commodities? Which commodity etfs/stock would you recommend to cope with stagflation?",ukzly6,15,32,2022-05-08 11:19:17
investing,2qhhq,Top,week,Bond Future Pricing (/ZB) and Premium to Parity,ukzdvs,12,3,2022-05-08 11:03:47
investing,2qhhq,Top,week,Elon Musk and Cathie Wood on passive/index investments,uj2igy,14,98,2022-05-05 17:27:14
investing,2qhhq,Top,week,What are annual returns like on robo advisors,uilwf1,13,41,2022-05-05 01:25:16
investing,2qhhq,Top,week,"Are there actually assets, which constantly deliver positive returns? (not joking)",ulzr7i,11,61,2022-05-09 19:56:46
investing,2qhhq,Top,week,Alex Gurevich supports quantitative tightening instead of raising interests rates,ul9xo3,14,18,2022-05-08 20:05:09
investing,2qhhq,Top,week,Why is the risk-free rate of return often considered as the discount rate for future cash flows?,ujv01k,12,19,2022-05-06 19:18:32
investing,2qhhq,Top,week,Anyone here have thoughts on $LAND?,ukhu25,12,6,2022-05-07 17:13:57
investing,2qhhq,Top,week,"Daily General Discussion and Advice Thread - May 03, 2022",uhbvp1,9,94,2022-05-03 09:01:09
investing,2qhhq,Top,week,Help Me Understand Please,uljd0s,10,1,2022-05-09 04:39:45
investing,2qhhq,Top,week,New to these volatility - need some OG input,ukcia8,10,52,2022-05-07 12:43:01
investing,2qhhq,Top,week,What to do if housing market crash (Speculative Discussion),ui5d01,8,60,2022-05-04 12:24:22
investing,2qhhq,Top,week,Finally got some cash saved up and money to invest each month. Where do I start?,ui2tbf,12,38,2022-05-04 09:39:59
investing,2qhhq,Top,week,HEAVENS TO ETSY!!!! STOCK VALUATION,uhxj80,8,12,2022-05-04 03:28:36
investing,2qhhq,Top,week,BDCs and effects of recession,ul2igq,9,4,2022-05-08 14:08:50
investing,2qhhq,Top,week,Why are floating rate bonds falling with rising interest rates?,uhmfn6,9,4,2022-05-03 18:23:51
investing,2qhhq,Top,week,CD‚Äôs as investment (millennial),ulrvsa,6,17,2022-05-09 13:59:21
investing,2qhhq,Top,week,Value trap stocks with rising interest rates,ull4aw,8,7,2022-05-09 06:43:00
investing,2qhhq,Top,week,Dollar is running hot! What now?,ujxncm,10,21,2022-05-06 21:20:46
investing,2qhhq,Top,week,Recommend a diversified commodities ETF?,ujp3as,8,17,2022-05-06 14:46:04
investing,2qhhq,Top,week,How to hedge your portfolio properly?,uj8y38,8,37,2022-05-05 22:23:42
investing,2qhhq,Top,week,Can anybody explain QMOM and how it fits in a portfolio?,uhzt5i,9,11,2022-05-04 05:51:18
investing,2qhhq,Top,week,"Daily General Discussion and Advice Thread - May 08, 2022",ukxr1o,9,68,2022-05-08 09:01:10
investing,2qhhq,Top,week,How do I calculate annualized stock return with transactions?,uj889z,5,5,2022-05-05 21:49:41
investing,2qhhq,Top,week,Best Subscription Finance Site,uhsyqg,7,4,2022-05-03 23:24:32
investing,2qhhq,Top,week,What do we do with net debt when valuing a company's stock using a DCF,uh6ekc,7,8,2022-05-03 02:47:21
investing,2qhhq,Top,week,What determines when you should sell a bond in a portfolio?,uij03y,7,5,2022-05-04 22:59:42
investing,2qhhq,Top,week,"Thoughts on Marcus Invest SmartBeta portfolio, does it manage to beat the market and are the fees worth it?",uiexe1,6,5,2022-05-04 19:49:34
investing,2qhhq,Top,week,Hedging a potential crash,uhkhds,7,15,2022-05-03 16:53:23
investing,2qhhq,Top,week,continue buying VT and AVUV?,ulzz9i,6,11,2022-05-09 20:06:20
investing,2qhhq,Top,week,Bond coupon payment question,uhff9f,5,2,2022-05-03 12:52:29
investing,2qhhq,Top,week,"To the people who have stable coin staked, or have thought about it.",um50q0,4,7,2022-05-09 23:58:02
investing,2qhhq,Top,week,[Q] - What do operating leverage and financial leverage mean?,ui9752,5,6,2022-05-04 15:29:18
investing,2qhhq,Top,week,Platform or service that allows conditional orders which consider the current time of day.,uhk8ji,4,9,2022-05-03 16:42:15
investing,2qhhq,Top,week,Will a leveraged S&P 500 etf outperform in the long run?,ulxpcp,5,21,2022-05-09 18:24:16
investing,2qhhq,Top,week,Any [dis]advantages to mid-year tax-loss harvesting?,ulrnk6,4,6,2022-05-09 13:47:56
investing,2qhhq,Top,week,What are the best savings/investing options?,ulmgc7,4,15,2022-05-09 08:21:10
robinhood,2uud8,Top,week,Should I sell all my stocks ? I have lost $4 already.,uix3wd,400,170,2022-05-05 13:10:03
RobinHood,2uud8,Top,week,"Everything owned by Berkshire Hathaway, Warren Buffett's holding company",uj4ceh,246,28,2022-05-05 18:50:27
RobinHood,2uud8,Top,week,This art is so beautiful and under appreciated,uiem4t,163,21,2022-05-04 19:35:13
RobinHood,2uud8,Top,week,Most anticipated earnings releases for the week beginning May 9th 2022,ukcjc0,117,8,2022-05-07 12:44:51
RobinHood,2uud8,Top,week,Margin Call doesn‚Äôt go away even after selling 3-times the margin deficit,ulwqlm,45,23,2022-05-09 17:40:25
RobinHood,2uud8,Top,week,Would this be considered day trading?,uhm3r7,32,52,2022-05-03 18:08:36
RobinHood,2uud8,Top,week,is it a good Idea to buy stocks in the morning hours? (noob investor),ujxvtp,21,56,2022-05-06 21:31:53
RobinHood,2uud8,Top,week,"Daily Discussion Thread - May 9th, 2022",ulnqow,10,2,2022-05-09 10:00:06
RobinHood,2uud8,Top,week,"Daily Discussion Thread - May 3rd, 2022",uhcnoz,8,12,2022-05-03 10:00:05
RobinHood,2uud8,Top,week,Options settlement question,ukaysg,4,10,2022-05-07 11:03:20
RobinHood,2uud8,Top,week,"Daily Discussion Thread - May 5th, 2022",uiu23l,4,3,2022-05-05 10:00:05
RobinHood,2uud8,Top,week,What happens to reoccurring investments if money runs out?,ulvkn2,3,3,2022-05-09 16:48:15
RobinHood,2uud8,Top,week,Is there a way to disable 2 factor authentication and password verification when trading?,ulzop9,1,2,2022-05-09 19:53:42
RobinHood,2uud8,Top,week,I need a little help and I‚Äôm confused,um5zpp,0,3,2022-05-10 00:47:37
RobinHood,2uud8,Top,week,"Daily Discussion Thread - May 6th, 2022",ujjz79,0,3,2022-05-06 10:00:05
RobinHood,2uud8,Top,week,What does Position Effect mean here?,uhsuv6,0,1,2022-05-03 23:19:05
RobinHood,2uud8,Top,week,Why don‚Äôt people swarm a certain stock more often?,uhix1c,0,12,2022-05-03 15:41:57
RobinHood,2uud8,Top,week,What is up with this? Am I missing something?,uiggc3,0,2,2022-05-04 20:59:48
RobinHood,2uud8,Top,week,"Daily Discussion Thread - May 4th, 2022",ui32sk,0,7,2022-05-04 10:00:05
RobinHood,2uud8,Top,week,I Think Starbucks shares are going up.,uk26qy,0,19,2022-05-07 01:14:37
